athlete_id,athlete_name
nAiyAjZ2aRnkzalasuPD,Gabriel Vitale
YqlkR44ElDRiHJYlZgkK,Zaiden Ocampo
SHIzyJ0tT04rsOiQVIEn,David Clarke
L7pwuQp3MQ1AfEoVBgDU,George Zaharias
MW9hAu2eCeq1c0Nsa6CR,Ethan Reyzelman
hF6mtoYNHjdZ3xEgTr0C,Cole Flickner
NBswtip2tqVCChR4aZIZ,Brody Costa
MT8bW0ddW3ZuXe8izCih,Martin Gehlhar
QLcYxXYf0FhaPcIahSG2, Riley Obara
U3K0gK8GnbizUn5lFyZY,Jerry Torres
NesSDtlOQO2NtJKzBPQ2,Noah Whittaker
mXOl1vEVeaNEWSk0icqX,Dylan Petrin
804K2rfZrcbrH5eYcW2l,Nicholas Motta
Aaa7V9PesJb3hRsq3bBp,Colton Kocher
WjrdzazFh70VTy9PWhMh,Carter Wright
yy5Lr9AVSooytGBW2ZxT,Armon Sabouri
37l16eK9X9BelsmxWO0s,Ashby Hafner 
jKcRmpSIBKWScXk8qgls,Savraj Khara
lBXMxUA8DKd5bPYuCy0y,Angelo Urabe Chavez
ggt5TBskOxd2cLzIr4kK,Chase Diatte
KH8qCXGLVJ0gBEbmO0do,Taylor Heckman
BdanmOGvdpl5bFyWM9yW,Max Cunningham
ENGzgI7hM0Yj2Rh0k4u8,hayden Peterson
pt7OIPBxFZZGokq0RUXQ,Nathan Choi
hmMR4Sh0a3ekH418BgP7,Cristian Aguaristi
5ce5ML4PLh3hETL8usr4,Kaden Kott
2R6U4VjyxKBFJbwy6xOs,Braydon Muscio
bk5IDl27VrMPjj8gpQrO,Micah DeLap
qgkNrORKDu9cM4QUrLke,Ryan Carrillo
qnv9Ynqg2bjlgR5Nktgc,David Hall
0tQMDatf4khyrOHp4QuT,Tucker Eddy
WzNpyFRHjvGs8R3ZHzlu,Mason Andin
guRwV4kftjsFAt3BsXQG,Ryan Johnson
UXeMmIC4Q3xfK3cOk3UT,Liam Bettencourt
yTBGXlph0Nd2ij6uQ35y,Christian Louie
ybJSK4o8a0DOvjJwLLDc,Landon Kim
qSQe4xjig7v6SwpqnCCd,Brandon Sweeney
JLnujvVBs4DHj6n8LVu1,Sam Johnston
cbTs4UmKgVZzMcyWAfdU,Alex Kim
kNJTnkJSvY9dj7jcc4S1,Bruce Gibson
pnEEDy9h24ENLAZ97YJ2,Bryant Castillo
BnBezX4DBXx8KMGCEzST,Anthony Sullivan
WxDURyABERHknBayvmi9,Michael Balderas
HHYTdMFrOM6iFGa37and,Johnny Alvarez
V9bVp2vkQKANibc9xvNC,Test
zHvkqQnpe5bQsykdPEn1,Jasper Wilfred
ZTAjB0XgxTkqrnqBY8b0,Dylan Adelman
5SWLI762Da3ibNNCYEQE,Brady Whitesell
7hum2M45lZ4GZTbltJab,Isaac Copen
5yYbnoEdmz95Rli61NUO,Dari Liuzzi
3EimnDD5ZR129lIxV55H,Jake Cacciaroni
3KW9lPkxjerMJxUDIcMe,nic chapa
v6qtPlP5kyqjYn4lrRao,Ridley Myers
u7YojD6eFJWn66GGYOo0,Michael Moriarty
6ddmtUrnjHUpgnxxWjDM,JJ Sanchez
sLAKvlNmw04OkSWmsOvy,Nikolas Haas
TvOx3JENt8L8iBZO6NHq,Joel Reyes
cUS0zPJw9xvuOeJCy4vw,brady liden
eKF9PY1rbWHn3F60zxKR,Jakob Hanson-Samble
dvHj9egz9VBCQ61KXK7m,Keloni Worthy
vlv8nG0ghAvNhe19XJ0s,Christian Trejo
W9pVC9DgcyGZNPLNsJca,Ryan Speshyok
xktRaBrae4VzVQzh8TBa,Derek Allen
tZ6evBVCMP9hQnH8m1BE,Levi Lemau
oGdQ1yJcRrOpGWaqqWkH,Tui Amosa
JoGYOeUnD0uxeZAYsDKe,Diego Casorla
K0JtWIdBG0Uv7uGcmLir,Callum Little
Rb4p77eAXtnX91b3KDqB,Jacob Trombly
xwh4dF7abDCZ1GUIbhe6,Teru Khan
SJebqa1Onmjc5qbfgqqb,Bennett Borboa
kH6kSdZjyW5SzordXUs5,landan Borboa
5bRnooQHlKK02KLbIBPB,Logan Borboa
oueZ9hYAhECOozWEkPxc,Carson Revay
pShyT5jheHL2HtQ31576,Breyon Chavez
igJ9mUM98RPf6VoUyZJi,Luke Canabou
5xTj9vKllMl2a1KdK1sM,Oliver Mcnamara
Pcnxv0L6GDgyOvZjaTrG,David Thomas
RM9z29NDRbSO6CqjepFi,Sage Roy-Burman
Tj9dQ6kjeTA8rd78I8OJ,Jorge Pinto
S9sRidYYGCeE47qm2kr8,Jon Arevalo
SMh9EW8UBKQP9NNRBQ5F,Marcus Price
I9XmkqwLJpdjCwvDIDqL,Damien Hernandez
k72oPJp687U5oCFb1OtA,Dylan Brown
Vrod5gWWeDtNL9LXJ6iH,Aidan Flores
h9U1xjX8dlCg8QVmQGHQ,Evan Passama
IKJmxxnYpVYHKWSN7wE2,Wyatt Bakker
Aqp5JXMVO6uC5qWTHxe8,Vince Della Santina
mMTOzG4i7o8vTPXIlMcM,Brady Ramirez
gwWQqjT23ZIzxW7fTkCM,Hunter Rubbo
1wGUwvHwxDqr5pgoEexC,Chris Bautista
FB4yYorjLlaqi12SQAJj,Aidan Miller
26YvrZaFC8t3i6NquuFn,Ashton Fagan
W1pYJAaDhIleAabek3R9,James Doherty
iJLGKdBZRkal7QYut38O,Garrett Rubbo
rIQe05OoffbBqB8WzOhG,Jack Rice
GcHsBITUglJ6OYtl01tm,Brechlin Burke
ToXx6h4MVq1yWXWKgPVT,Caleb Elliott
pQ4JAsmw9cpyl4gEEdK7,Brock Artist
xqrZGErUwXngcqjQ5o8o,Sawyer Haskell
Z6VNasUwpPOyJ8mPZrlt,Andre Valdespino
NSxAVRyuD5XgHCIhRM6e,Mikie Melenudo
F8UN9nUz97Ky1FWLTW3s,Nathan Plata
j07VqMxOriO91zVZQRl6,Mason Hawk
s1P12yMZc8x0Qge65Tjz,Parker Brown
UFTd2qXZ9AyyAs9zUo0g,Max Alers
UNrRVyBjMHFj7OkJKbXF,Elliot de la Torre
E0MjQMnn1IYSvglJJHAc,Brent Valentine
B90Mxzhc5kNE9lz4bS5X,Elias Duncan
0lVYQobKr77vINZFYQJf,Landon Lockhart
tnnqe6aaDS1rvVXzWL4G,Tanner Hughes
xf1Mv1ZOrmuPvkho1lKJ,Gavin Rodriguez
9dB7Q8blRBbsAum6IU3N,Ian Johnston
7LiaeELEPvBsKyEGKzOZ,Max Madrigal
1vC6qDKAo4Jy0GiCfNvL,Layton Smith
IQEf7RmRE1sXY0wQMjZN,Maddox Andin
4A1vnv80kECRkyZjslzP,Scott Diaz
MK5bMty22NVOhmCrRkFn,Hayato Takamatsu
8lsvcKTgUrIk2uGBFRhU,Ryan Lee
Tfby4XEPTMyp6LmUAAFC,Enzo Castellanos
0IZZOTaAyB1b81QUQFjy,Dorian Larson
5k79WIJHdo41xyNqI8EH,Nate Candalaria
4Ym5Zi78tWEecGryCDRM,Jaxxon Hoye
8wXLWpWjfiv2I9P1270y,Quinn Larson
dWtRBxKMW7q4h3NwulyD,Noah Piona
OHzegbP6PoGX5YmZIRV5,Billy Hendricks
FNc9j4s4S4EkdDoUpEbV,Vihit Talwar
d4lfNkW07CsNMIoNPKc2,Johnito Arevalo
SxT2rAtKEjwgyMndPIJR,Easton Greene
48pfKfaVPhH4bAlNZ4oP,Desi Lopez
LdZ6nXlDcOlA6jqJdkHL,Tre Golino
dcnsByoP1OW9hFsbFXQr,Alex Gomez
FDZD0LI0FEByYKz0c6q3,Bobby Smith
e1vMCJ8hsaK75m3x5LoH,Jacob Hall
s3cUU36pecgCR80gZKKd,Alan Gonzalez
baZ62XevGCFtEOffwOTX,Angel Guerrero
b1owK68Yl5rsm99efMfB,Francisco Montalvo
R5d3JtxWNCE9Cf7cyn57,Trent Roach
fpmPI4wr0XiJ3WBApYas,Sean DeBoard
KyyCv8ZyehH8pwqzY3df,Liam Alongi
hDjYVYgHNmWoYEVbnwOk,Joaquin Casillas
ZTOIzmhPQ27NiRuhBfqk,Joey Pina
RbTpv2t6Me2UJfELZVwJ,Hudson Watten
unyHVAzNlhLy3sNBmexp,Daniel Martinez
FR04xgxp7bfI2UTLVYa7,Levi Wellman
i01vx7kZBuG2r58DdTyW,Dylan Montague
ATOKCllU1PCoic7s0m6g,Emmett Heath
eCiZfUsazMcfKPH9eXcm,KJ Rieden
IncI0PGAvEiCmETItALi,Brandon Ashley
aNwkGQ9Q5fJ2hKPUodUS,Ronnie Uribe
vowMPa5ht5rHeBI54PYr,Jay Lopez
3Qp8pjq642OZKQsma79M,Adrian Perez
Nwj1IG0ayAX5P5Gn0uLN,Jameson Rios
Wo3lRPAR2tq7acUepXAi,Aarav Chugh
9OXnSDJxEaaFyIKsKYfU,Minh Vu
N0ZpOYSCg9u7nFDykAUI,Dom Franco
UWxSOOjBDCKYILDKP6YB,Zach Gonzales
cBbzJtvVyrZUFnAWys7i,Joaquin A. Casillas
qybbUROOYpR5HPonhu2g,Santino Roldan
U3BIZozaQGH5WoDAhkyl,Ethan Walker
EY4tXrTOlPar6MFyqhda,Mario Arango
ZpQNWDPbRlE7RL2H9Ehv,Drew Diffenderfer
oOT5pJnwzEgIuUdWVvTH,Kellan Montgomery
jwad9plOgOaoBt7rpG5i,Ethan Marmie
lmlNA49VsElBrN55qJ1s,Brady Mugan
EiEb2Kr50xYm9jOn8jpy,Tyler Chang
mhaL0UHLo2kUYdYJwuLs,Elliot Hsu
K7THsxmsEzLx0ZnnOcOb,Evan Mendoza
KB1WYhZcI84tF84TYKHQ,Garret Plata
sXVm1WNlqoPDnyv9qWLf,Logan Thompson
i2OVdRP3yCp1QtiQLDd2,Jay Ve'e
CTPjPMsVrjQpdJrjhghr,Maxx Mathai
ybOz4lswOoWcLgTfU3mz,Trevor Kester-Johnson
KYr7XkmRVPK0buk0ptMP,Gregorio Jimenez
QGj1FkmEEHiLBmqWnBQf,Zach Barnao
nGMZKXAGWPoVdeIh50WG,Adam Kamin
lc6BEgO57xqhOlTnnysK,Chance Moon
yD5FwcCczZvVH4gsGdpy,Connor Moon
BxVLACHEmHel2dzEqaDt,Josh Bootz
2SjgKsDN83VDTq0dWDGx,Ethan Flynn
QgeMwKbarYsMEbJx7PEB,Arthur Soto
rIj1KJsVqQUFAx0HRLKk,Ian McMahon
zF9b4PH1grojTdAMSXtP,Riley Meadows
AUXOXVAgsd6oQjc4bXJD,Donnie Lema
Ti5zRVUVxEweQV8NgLbv,Nicholas Katz
XwbK9oNiLvySKMaYqj0N,Colby Kennedy
5jRdvmBxvDCPgE7KxUaW,Jackson Kott
PhbGnxwWATlBC02tvlzX,Brayden Abdon
4BEgATAzPTPd8cyz0SDq,lucas wedding
HtVn339pO2gDuYMQdHPP,Will Wittmann
7LgJnlX9OjxajLsUBdlm,Jameson McWilliams
covmIk6fdy4NVBctjkOs,Landon Houle
dLDGsN8pzciK5WIhS1WY,Easton Hardy
f5J9BXmol8glftPeoDXe,Tyler Hanebrink
BiGRk4F4d4KCF3h8HiOo,Luca Williams
F0XIbJX5kuRmJmisvjFv,Gianni Camacho
uYHqEibtrsxt0dhZFnDk,Josh Van Loon
wucWoCOycq9OtqdgE7OG,Nick Costello
hmNNqqMflTSLxgtQ4x7o,TJ Costello
FJaxiJbbziGIq0G2ozjs,Hugo Jeronimo
2gJAO96tyef8JP23Tldr,Logan Ibarra
7OUyjhqW80dvTWuydh9n,Aden Velasquez
8XBC4LhadeqFg0AROeYA,Sachin Gurunathan
fdcBqcfdO7KrGOWFtnm0,Landon Stump
nXYvwhEWuq1UD7TZrqtv,Brody Larocque
GEvpr1mwscT3YuSDX930,Will Trimborn
bo8FbRJVTsxLQffnVmWa,Aidan Keenan
QIsVuTYZFFM0JcPjAgYz,Kaden Taque
2mQQ7OcNrAnyu7HqAgzp,Jack Surdey
hJBY9FJtFOn9avJgDIqb,Adi Wiener
Uh5Dr477BsINbxPdmgeb,Jordan Mikesell
FAw2wyi8Xayl2BwUVPTt,George Willey
m9FqoOpXV8gpnub5HBhW,Marco DiGirolamo
Xo48Etuv78Kh94aUmVFQ,Brody Gates
3LMb2cOu1TU69VO4lIOu,Talon Harley
ZIYkFFP0wkYxztut0muY,Cole Tremain
FzyyH6JfVPmu2eubPzKa,Ethan Bergan
ts5GhLbhdGyGe23Rfpif,Jack Leeper
E3iHUbbQGZsLohL8w2ln,Tommy Leeper
mxD9Jrx1zoBGVWKBKyq9,Kelley Crawford
VJV2ibLRBUHqb6Evjpja,Daniel Madrigal
X2dcuaFtdeqfiAO6dDMt,Vidal Perez
uaDGBULCwZl55h633QFL,Noah Lemau
8Bqi6H7C2o3KLgLhACp5,Henry Dommer
Ca7TK03sl7KBe6NDI5lO,Antonio Madrigal
jGBZMVbCZTSaGzxDokJk,Colton Brown
aHS7MFkHVilGyDwzdDiG,Aiden Waters
U2SiesG88Rm8uD3lNjBU,Alakai Kiakona
uionV3s6VL6QoR9R55Rc,Kaena Kiakona
V5qsSz2ZXaURwezbvGqm,DJ Dunne
1546l5HOImOZwt20FAID,Jack Benson
OY8yI76fyEGptoQimBti,Anthony Casarez
DHoI6h8e2uQush9Czo58,Luke Juran
ICJ0DEVDyaBymhb9SBfR,Coco Vonderhaar
FU2NzfZUZywTWI75Exnt,Ryan Welch
4K4wHMS3XvLu5jLhWTrX,Ronan Benamou
dAKjtFDdjzlGVAgcmCul,jake mrowka
fVEGEmbbv73lricAVdge,Landon King
l2xd8PVJ06rbVV3a3ipR,Siale Tulua
zM6PjM5mvXPuBI6wuAyw,Sione Tulua
Z9S0G2izz0gzCRSb6fes,Aidan Lee
QqBe38IrNwulH18BPELV,John Damozonio
z18meiU1a3fIxY0Ms94N,Kanghee Cho
roMr5si966ZusG5XamRW,Ben Joost
Ow3SWJLTkV8Uv51oCjF3,Lukas Hoang
iVK5jvQ7kZ3H8Tykwe3X,Axel Prillinger
B7sJQTsFZBgTDYp8TGC3,Maxamino Borba
1x6xnG3VX7dvEM9JGzKQ,Jace Asuncion
THhTxaDfCg9pkopiSIGS,Noah Holocher
AGI3jjvBcrtwSbHBsC5I,Josh Stravitz
ZcE0tAhTo7tkwEGl3XUK,Damien Lopez
kr75Cc4tklXpijPcp9zq,Joey Revels
9cFhceWPmdapNkRoilwX,Jack Graham
dz5faMabeCus9JjY3dQW,Conner Robertson
5QjqIRSEZgxL1HGqNNIz,Tucker Goularte
9L7sdPxiUb3azh986nhV,Rome Gray
GDEq6CPOROoltniB6r07,Logan Burton
1PUbUOSk7ZYaCHG45Rpl,Ryan Delaney
YTqUTPApsyrjyId6eU5K,Jack Emery
TPe1sfT5A6qG07FxL5MQ,Iris McKay
2QclYxwGUXtJxRRjQDlf,Isaiah McKay
WPqLDBW8tUDvw4myZyEL,Louis Giles
jO7XNHHUykOazcNafnaB,Bo Smith
OyTSRUv1PWDxaO80AOb5,Michael Wu
yQFo7vJpVvb86RBgci5e,Stevan Tran
aBLXLDD5MakiAjvnBdFG,Evin Hollandsworth
vvS41SrydZvoxvi4abOe,Chris Vallejo
hPLLrqjCxsRvLAelJFuS,Kai Baldwin
eDYDC170T9rcYvaJinA4,George Fantl
pCyNUykRhUZ5dsa2riKW,Rocci Cetani
R2dcdX2bFnVF8qcTYV1O,Matthew Garcia
9BQLraaMvMCFHLWseZYD,Jack Stoffel
h35eAiiqhwtn5j0tHg0I,Niko Blanco
9IT2dWfglX0rG2j3kx3Y,Cooper Neff
o12AMdQt7xArROwpvTfX,Andres Zavala
sKAw3wA2DnKaz1yNU1Wd,Peter Van Loon
7sTNm5Cu6kWLUH5XRf4o,Liam Chang
FuVXSDNrbbqqq1Z3ropu,Justin Stramel
6diO1MfCGlPplZopnfuQ,Reece Kaplansky
Dyqnvu2Neg9BN3nba22v,josh Hansonn
Wnh5vQLvFmW50rAPOJ5C,Garrett Mackowiack
Sq3gJWspl4vCuMUWe6NG,Tanner Grove
qhARHPmMQAnAbLFHadFx,Ethan Foley
H2Lz5fqO6vJS3AjQhu3E,Cole Clark
HgBXPXZ94J6Wq6aHJMPz,Rex Edwards
rTStUeTT2n7Fhzwt4ToW,Spencer Dessart
jNSScF1jyC8Y88LFNEnt,Ryan Spalliero
li2teiuwYfL4EAJ5feR4,JJ Hollis
Va80ZDAnGvDlaHvsQXnu,Gavin Eddy
vcx0NhHkZIffjK7y0sJl,Duncan Russell
CC4SBlm8zK2h76otw8nI,Otto Espinoza
AUYKKjpBmzY276vF2LSM,Jett Wright
YmVC2eq5LUEHqqCCpZ5s,Take Sato Kreis
sq7VLGM1obqxinnDqFvH,Aiden Pinn
RUEBCETdp5wMVaEDJiNz,Cade Colombara
eW474cbBJlob1HwiMvbW,Chase McDermott
DHfDrMtIudHLi3suhxLk,Hunter Tamayo
7LXg4QUye6SK8VW2D8tg,Thomas Stockford
HYD1kMPaceLy5wD24Fz3,Julian Cazares
2LcSJeYpJh2DaWoqBV1t,Damien Nolan
SUjfCL8l1gAWNplrThiH,Gavin Briant
NLPEh3PK6YZbcES4sEuk,Adrian Torres
ZhE8o8YDgRpJaCZD5umL,Will Habina
i8enQOPGJeULJD9gUlHp,Max Harris
6LVvQTFwO6K42H8gKCmJ,Joseph King
YiOhC9FpYZgoztS7Ehh9,Alberto Garcia
uRSzEnjnfFhR9Q7ow9az,Josiah Morris
iWEJBwpMCsFo0ToXgPX1,Michael Nam
6L3g7AV21JzJttrcGA9n,Justin Sanders
Uj7yu0KKZGaRz1NiagkZ,Caleb Del Moral
9m1eU5n4bHRBVqiIu09g,Noel Escobar
dDgMJww8OFNj92rqPAQF,Oliver Markley
2l9Xxn2NsnY0Figp8RyP,Landon Schutte
p8hl9smWFax15iMpImZq,Sully Fischbein
ABtNzeD4r4YXcc4wrvFi,Matthew Maxon
CbNSmpA1K3atACaRmuBz,Amador Banuelos
Y4PAI8WzHbIdqq075owy,Ryan LeMarie
hvFOEQCftNCL6U5VovmZ,Graham Schlicht
YXxekNHjopjK5xaTBQnG,Connor Cox
uE5Q4SP0TnaE4KBRR8ak,Nico Lopez
7s2bF6Xto2O0zDLvpatz,Mason Ditiangkin
XfUiNRnO2vCBbFoh6RN5,Max Marquardt
5p87GXFA4IDbtGnOeNGE,Clint Ales
nBkW5C6sgOSLHKmVLNgh,Cooper Barnes
uWO1c6yu3u32qvSQUWa4,Kingston Weinberg
5SmgNGUKjKjjKUiNeHnY,Nolan Chang
k5OOIJKHGoP8EZQb4GQ6,nicky fantl
Oz8eA1GNeCKTttChXV2N,Jason O'Rourke
HRuRINW54roCK7ytyY21,blake schwartz
ATGLJdIr6V3iCNYiZUjz,Colton Rudd
dPfDkIyzXXelS0zpNuzJ,Eli Lovejoy
03O0SXIVa0cdrylOjd4J,Luka Pintar
UD0TkvhhxCFmrXelwkiX,Rohan Agarwal
6rAUqQmqmtD8sSG2OEU6,Dylan Chan
AvRWqP42afO2pluqGcmG,Brodey Roman
H8UuzgKrxlThNOpc5cvo,Alex Campa
3UYYaLQZ5N7auGXJjMXL,Zeke Cervantes
wJS37eKvhEvn2aMUeh9A,Zach Vasell
eXIqclLObo8662yON2uU,Ryan Leong
Fn7lCUHkqT28wdPhxAsu,Enrique Rivas
t5FcfoDhFZxtxWamHEOb,Eesa Tover
Y6WYRYDNlxtAghfemVpm,Noah Baquiran
56pb1qAUBI6GSPDgccm3,Evan Wallinger
zZgvJE3lYA5spZ71pXp4,Kenny Sanchez
nMrZcwM1ga20OFt9azIP,Mason Henley
TUI87x8jX5nCU5Zucuui,Hayden Griep
90qlKhNGv2FtboceMI7C,Matthew Alioto
ZCog9Qy2fTx0NMcSJ04U,Carter Paraz
vbEEhguCJwJSJO4UwTVt,Colin Paraz
gEC0F7eQYNuFu2UZ69aa,Easton Gonzales
yHbMre1BDd2x3OJWxGc2,Brody Skow
wdOsjTuW51VbSU7G8r1Z,Isaiah Alvarez
KT6Y4HbaN2YRNrkWIR5h,Mason Mead
TxdSwTK07rY23uhOFNTA,Dominic Passama
m46S8rMrq3o12vNLJDmR,Anthony Cota
cRRDMgrScOvuYsNKIKeW,Breyon Pelaiz
B0BZnLXR8551r0WcnKMq,Xavier Wilson
TAICUqAHpz9FHmdjHeZM,Teddy McNamra
06dPSNw2TYXVj3wW0vj1,Hudson Pergamit
VNcKy7o228DSRzM4FtOM,Jason Orourke
UiKFQnwjswVd1hgak6TZ,Adam Bedell
NdzZ8PYXQVPcAEP9fvRv,Adam Alciati
Cw711WiTcHFXJMOvUamF,Wesley Harwell
TG0GhFkfuOcCrZ2Rhj4I,warren lieu
LzEwb77jJWvD0gfmEVj5,Matthew Pena
nMujVvFxsVBItpqfVpWe,Cooper Nash
5gf9s8HDBLzGLUO5sMqS,Gavin Guess
5WThMNTloewuxduCc3PV,Terrell Worthy
c98yrjz3yKEdbzo55aoN,Kyle Takahashi
uxiPojjFGu1DeJ9H9GWi,Daniel Macmillan
gWbwxxy6sPMSb5OcLUyk,Skyler Mue
OGkmw6AXt2vubHoKvFWr,Colin Walton
yrp0KvbCVPEPdCe8IHLh,Evan Tavarez
65sA02QrSvVL3P7aLbM3,Jason Alexander
5JHq6gbWJ65DBQWTssTd,Ely Mason
AI6I8SXhEdwtnFIS1l1T,Nathan Clarke
xMYJ05CWj2ZEwM6FlDKB,Diego Castellanos
B1SOXb0CMZuxhNVtXQkh,Henry Harding
CUh1uFgsJEWvQLeevr59,Tiger Sanchez
kiivSobv6nWVx18k3fUo,Miles Cornell
Mf9KewajeVimBZcPRByv,Riley Salvemini
8Ff75HTkO59wFrOXpl28,Keoni Kaanehe
R6wy8ho6oGYWLOYWISDX,MJ Sanchez
7ojt9GZYmzj94nWRY5cu,Sean Ishii
sBB4BtVtYl58pc9rs1Sv,Ethan Kaemmerling
TSFTbvmcC77x5Nw74L2A,Kayden Williams
MkuqY2lMXxSK08ZdJx0I,Marc Torres
TfQAVoUMr7Y9obBoSKUr,Erik Wagle
mli9bwIzj1G1t2qKl20a,Connor Donahue
R4eeudzM9LMeTMOtmIpB,Mason Bautista
fDpupmQWqULL2LHptLbN,Nate Slikker
bB9dRfIRzGFE5ZiwsMsM,Wyatt Baldwin
hopHFCWywvDYyFXsJRcw,Hugo Slavinsky
rfA4miKFv5gjndvfihyR,Paulie Ganadan
S1ILdSCK6aNb0oz26fEL,Paxton Liu
1C05Kdyee9cH2wZotS9X,Lucca Bacigalupi
f3y9wlO8fKZ1lyqRlGHG,Adam Saouaf
si8eAqekyJm7NYf8HM2f,Gio Oliveros
2kxLvIahwVJoKS3tAjQI,Mason Brown
kD5tp5lLkfqCNU5E5jAC,Declan Fagan
Ues5KSGQrVsx2kQ2sMYT,Parker Bunnell
PHgc6WBFw7lJRWDFWA6h,Gunner
ZQvVV6MyMSJaA9EEw4jE,Dominic Fanara
K4FzwHaJIBP8nKKrhWsS,Jake Parrinello
5jRpCueYmloGjXIx6MW6,Philip Ruiz
X4oSKN5mojwRZc1SmGSt,Aiden Keates
EBKX0CKLYQ8HZuI3sArc,Mason Gordineer
mOCyIEGrkwYSvlTs5zaA,Isaac Paz
ezAkIR1mikooXzoTtUaJ,Blake boyer
FYOVPxOpEtXfpkTFHJQv,Jackson Ellis
bDbZlP3vP2UoTXjkBqtG,Kaleb Langone
8Z4idlHjmdiyhbzqFsaV,Nolan Filice
XJqL694aU8up7876Eiz3,Jaxson Filice
HbQG0LCPkvPPYXAS4LAr,Nico Sanchez
p4enyerA8YCIQSovOivA,Connor Frame
h07KzSxFHrAw9IJl3THq,Damon Hagopian
BVerwW45uGeRK8TRDTNG,Eli Roberts
zDtDTJatMz1rCyD8w9zU,Chase Haugen
t7OQdq8Y1wUxePPoUzBf,Ben Carmody
8M31KzpVBTh5Zm3V1buj,Luke Irvine
5IDpyabLHIWscPvx8Kp6,Gunner Parker
T6eZrb4ccyN7knn5gEgy,Carson Gates
6SFLfLnfTCdP9Gzkw6Xo,Declan Kotsubo
MDwHOCqkxO2nTUz7RLYN,Grayson Vallez
GIbNplksQ5viwzPnNMaU,Hudson Henely
pHzoyDpcIJXXFveM6ZHS,Nicholas Casteel 
Ap0xIoB3hGKyXSMXw5oc,AJ Sotelo
GZxkFo8b58arbZbNKBL0,Lucas Hernandez
PNfI39gV4GtR3PPKs0Wv,Dylan Fluharty
ovu7nFC8P9c3pDwQjpri,Ethan Chan
BxFx1xybDmfVmAZSWwyS,Jacob Ramirez
YMFmHHDEYHPVhKFnRz2m,Jayden Lee
H51asaRdxYbKwdVU3jhq,Brock Fannin
1WHunIX5nDcdlNZhYeKB,Ethan Brown
FbRA92Cue59FUWTN1jj9,Jax Gomes
Bt49T1GKECJSkt6UvErr,Brixton Connors
d8CITzq1yPtrJJ1Eby75,Ben Candelaria
5BgYtm4WkQMUYYFdpgAC,Nate Arriaga
UfK9J4wQd8eUPJFvXEso,Mateo Ponce
aTjjl85SlH6LXGiYrSSg,Cobe Benjamin
oE4r1LDYh9SM2wsJQ9a6,Morgan Winfield
5sUgHQ3wuOPoCs5qimES,Hudson Gall
XTjzdjtyw6jndBa1Rxfq,Dexter Gall
Y84xv0l2orCe4KYlJjMp,Michael Lackey
7p6oZFBOJwhiDNkH3zoK,Pono Rosenberg
Tf4hd9a7lu3N57Wl5NWS,Landon Ashe
HLma3o2NCpRJdXO9EUSA,Stephen Neal
rrNJityru9kHmlqTBjWo,Garren Atwood
cHFEags1ThbSTB79H9tJ,Chase Shackelford
Pmyv06BRdWhriofycYSP,Colin Cacciaroni
