"","athlete_id","athlete_name"
"1","nAiyAjZ2aRnkzalasuPD","Gabriel Vitale"
"2","YqlkR44ElDRiHJYlZgkK","Zaiden Ocampo"
"3","SHIzyJ0tT04rsOiQVIEn","David Clarke"
"4","L7pwuQp3MQ1AfEoVBgDU","George Zaharias"
"5","MW9hAu2eCeq1c0Nsa6CR","Ethan Reyzelman"
"6","hF6mtoYNHjdZ3xEgTr0C","Cole Flickner"
"7","NBswtip2tqVCChR4aZIZ","Brody Costa"
"8","MT8bW0ddW3ZuXe8izCih","Martin Gehlhar"
"9","QLcYxXYf0FhaPcIahSG2"," Riley Obara"
"10","U3K0gK8GnbizUn5lFyZY","Jerry Torres"
"11","NesSDtlOQO2NtJKzBPQ2","Noah Whittaker"
"12","mXOl1vEVeaNEWSk0icqX","Dylan Petrin"
"13","804K2rfZrcbrH5eYcW2l","Nicholas Motta"
"14","Aaa7V9PesJb3hRsq3bBp","Colton Kocher"
"15","WjrdzazFh70VTy9PWhMh","Carter Wright"
"16","yy5Lr9AVSooytGBW2ZxT","Armon Sabouri"
"17","37l16eK9X9BelsmxWO0s","Ashby Hafner "
"18","jKcRmpSIBKWScXk8qgls","Savraj Khara"
"19","lBXMxUA8DKd5bPYuCy0y","Angelo Urabe Chavez"
"20","ggt5TBskOxd2cLzIr4kK","Chase Diatte"
"21","KH8qCXGLVJ0gBEbmO0do","Taylor Heckman"
"22","BdanmOGvdpl5bFyWM9yW","Max Cunningham"
"23","ENGzgI7hM0Yj2Rh0k4u8","hayden Peterson"
"24","pt7OIPBxFZZGokq0RUXQ","Nathan Choi"
"25","hmMR4Sh0a3ekH418BgP7","Cristian Aguaristi"
"26","5ce5ML4PLh3hETL8usr4","Kaden Kott"
"27","2R6U4VjyxKBFJbwy6xOs","Braydon Muscio"
"28","bk5IDl27VrMPjj8gpQrO","Micah DeLap"
"29","qgkNrORKDu9cM4QUrLke","Ryan Carrillo"
"30","qnv9Ynqg2bjlgR5Nktgc","David Hall"
"31","0tQMDatf4khyrOHp4QuT","Tucker Eddy"
"32","WzNpyFRHjvGs8R3ZHzlu","Mason Andin"
"33","guRwV4kftjsFAt3BsXQG","Ryan Johnson"
"34","UXeMmIC4Q3xfK3cOk3UT","Liam Bettencourt"
"35","yTBGXlph0Nd2ij6uQ35y","Christian Louie"
"36","ybJSK4o8a0DOvjJwLLDc","Landon Kim"
"37","qSQe4xjig7v6SwpqnCCd","Brandon Sweeney"
"38","JLnujvVBs4DHj6n8LVu1","Sam Johnston"
"39","cbTs4UmKgVZzMcyWAfdU","Alex Kim"
"40","kNJTnkJSvY9dj7jcc4S1","Bruce Gibson"
"41","pnEEDy9h24ENLAZ97YJ2","Bryant Castillo"
"42","BnBezX4DBXx8KMGCEzST","Anthony Sullivan"
"43","WxDURyABERHknBayvmi9","Michael Balderas"
"44","HHYTdMFrOM6iFGa37and","Johnny Alvarez"
"45","V9bVp2vkQKANibc9xvNC","Test"
"46","zHvkqQnpe5bQsykdPEn1","Jasper Wilfred"
"47","ZTAjB0XgxTkqrnqBY8b0","Dylan Adelman"
"48","5SWLI762Da3ibNNCYEQE","Brady Whitesell"
"49","7hum2M45lZ4GZTbltJab","Isaac Copen"
"50","5yYbnoEdmz95Rli61NUO","Dari Liuzzi"
"51","3EimnDD5ZR129lIxV55H","Jake Cacciaroni"
"52","3KW9lPkxjerMJxUDIcMe","nic chapa"
"53","v6qtPlP5kyqjYn4lrRao","Ridley Myers"
"54","u7YojD6eFJWn66GGYOo0","Michael Moriarty"
"55","6ddmtUrnjHUpgnxxWjDM","JJ Sanchez"
"56","sLAKvlNmw04OkSWmsOvy","Nikolas Haas"
"57","TvOx3JENt8L8iBZO6NHq","Joel Reyes"
"58","cUS0zPJw9xvuOeJCy4vw","brady liden"
"59","eKF9PY1rbWHn3F60zxKR","Jakob Hanson-Samble"
"60","dvHj9egz9VBCQ61KXK7m","Keloni Worthy"
"61","vlv8nG0ghAvNhe19XJ0s","Christian Trejo"
"62","W9pVC9DgcyGZNPLNsJca","Ryan Speshyok"
"63","xktRaBrae4VzVQzh8TBa","Derek Allen"
"64","tZ6evBVCMP9hQnH8m1BE","Levi Lemau"
"65","oGdQ1yJcRrOpGWaqqWkH","Tui Amosa"
"66","JoGYOeUnD0uxeZAYsDKe","Diego Casorla"
"67","K0JtWIdBG0Uv7uGcmLir","Callum Little"
"68","Rb4p77eAXtnX91b3KDqB","Jacob Trombly"
"69","xwh4dF7abDCZ1GUIbhe6","Teru Khan"
"70","SJebqa1Onmjc5qbfgqqb","Bennett Borboa"
"71","kH6kSdZjyW5SzordXUs5","landan Borboa"
"72","5bRnooQHlKK02KLbIBPB","Logan Borboa"
"73","oueZ9hYAhECOozWEkPxc","Carson Revay"
"74","pShyT5jheHL2HtQ31576","Breyon Chavez"
"75","igJ9mUM98RPf6VoUyZJi","Luke Canabou"
"76","5xTj9vKllMl2a1KdK1sM","Oliver Mcnamara"
"77","Pcnxv0L6GDgyOvZjaTrG","David Thomas"
"78","RM9z29NDRbSO6CqjepFi","Sage Roy-Burman"
"79","Tj9dQ6kjeTA8rd78I8OJ","Jorge Pinto"
"80","S9sRidYYGCeE47qm2kr8","Jon Arevalo"
"81","SMh9EW8UBKQP9NNRBQ5F","Marcus Price"
"82","I9XmkqwLJpdjCwvDIDqL","Damien Hernandez"
"83","k72oPJp687U5oCFb1OtA","Dylan Brown"
"84","Vrod5gWWeDtNL9LXJ6iH","Aidan Flores"
"85","h9U1xjX8dlCg8QVmQGHQ","Evan Passama"
"86","IKJmxxnYpVYHKWSN7wE2","Wyatt Bakker"
"87","Aqp5JXMVO6uC5qWTHxe8","Vince Della Santina"
"88","mMTOzG4i7o8vTPXIlMcM","Brady Ramirez"
"89","gwWQqjT23ZIzxW7fTkCM","Hunter Rubbo"
"90","1wGUwvHwxDqr5pgoEexC","Chris Bautista"
"91","FB4yYorjLlaqi12SQAJj","Aidan Miller"
"92","26YvrZaFC8t3i6NquuFn","Ashton Fagan"
"93","W1pYJAaDhIleAabek3R9","James Doherty"
"94","iJLGKdBZRkal7QYut38O","Garrett Rubbo"
"95","rIQe05OoffbBqB8WzOhG","Jack Rice"
"96","GcHsBITUglJ6OYtl01tm","Brechlin Burke"
"97","ToXx6h4MVq1yWXWKgPVT","Caleb Elliott"
"98","pQ4JAsmw9cpyl4gEEdK7","Brock Artist"
"99","xqrZGErUwXngcqjQ5o8o","Sawyer Haskell"
"100","Z6VNasUwpPOyJ8mPZrlt","Andre Valdespino"
"101","NSxAVRyuD5XgHCIhRM6e","Mikie Melenudo"
"102","F8UN9nUz97Ky1FWLTW3s","Nathan Plata"
"103","j07VqMxOriO91zVZQRl6","Mason Hawk"
"104","s1P12yMZc8x0Qge65Tjz","Parker Brown"
"105","UFTd2qXZ9AyyAs9zUo0g","Max Alers"
"106","UNrRVyBjMHFj7OkJKbXF","Elliot de la Torre"
"107","E0MjQMnn1IYSvglJJHAc","Brent Valentine"
"108","B90Mxzhc5kNE9lz4bS5X","Elias Duncan"
"109","0lVYQobKr77vINZFYQJf","Landon Lockhart"
"110","tnnqe6aaDS1rvVXzWL4G","Tanner Hughes"
"111","xf1Mv1ZOrmuPvkho1lKJ","Gavin Rodriguez"
"112","9dB7Q8blRBbsAum6IU3N","Ian Johnston"
"113","7LiaeELEPvBsKyEGKzOZ","Max Madrigal"
"114","1vC6qDKAo4Jy0GiCfNvL","Layton Smith"
"115","IQEf7RmRE1sXY0wQMjZN","Maddox Andin"
"116","4A1vnv80kECRkyZjslzP","Scott Diaz"
"117","MK5bMty22NVOhmCrRkFn","Hayato Takamatsu"
"118","8lsvcKTgUrIk2uGBFRhU","Ryan Lee"
"119","Tfby4XEPTMyp6LmUAAFC","Enzo Castellanos"
"120","0IZZOTaAyB1b81QUQFjy","Dorian Larson"
"121","5k79WIJHdo41xyNqI8EH","Nate Candalaria"
"122","4Ym5Zi78tWEecGryCDRM","Jaxxon Hoye"
"123","8wXLWpWjfiv2I9P1270y","Quinn Larson"
"124","dWtRBxKMW7q4h3NwulyD","Noah Piona"
"125","OHzegbP6PoGX5YmZIRV5","Billy Hendricks"
"126","FNc9j4s4S4EkdDoUpEbV","Vihit Talwar"
"127","d4lfNkW07CsNMIoNPKc2","Johnito Arevalo"
"128","SxT2rAtKEjwgyMndPIJR","Easton Greene"
"129","48pfKfaVPhH4bAlNZ4oP","Desi Lopez"
"130","LdZ6nXlDcOlA6jqJdkHL","Tre Golino"
"131","dcnsByoP1OW9hFsbFXQr","Alex Gomez"
"132","FDZD0LI0FEByYKz0c6q3","Bobby Smith"
"133","e1vMCJ8hsaK75m3x5LoH","Jacob Hall"
"134","s3cUU36pecgCR80gZKKd","Alan Gonzalez"
"135","baZ62XevGCFtEOffwOTX","Angel Guerrero"
"136","b1owK68Yl5rsm99efMfB","Francisco Montalvo"
"137","R5d3JtxWNCE9Cf7cyn57","Trent Roach"
"138","fpmPI4wr0XiJ3WBApYas","Sean DeBoard"
"139","KyyCv8ZyehH8pwqzY3df","Liam Alongi"
"140","hDjYVYgHNmWoYEVbnwOk","Joaquin Casillas"
"141","ZTOIzmhPQ27NiRuhBfqk","Joey Pina"
"142","RbTpv2t6Me2UJfELZVwJ","Hudson Watten"
"143","unyHVAzNlhLy3sNBmexp","Daniel Martinez"
"144","FR04xgxp7bfI2UTLVYa7","Levi Wellman"
"145","i01vx7kZBuG2r58DdTyW","Dylan Montague"
"146","ATOKCllU1PCoic7s0m6g","Emmett Heath"
"147","eCiZfUsazMcfKPH9eXcm","KJ Rieden"
"148","IncI0PGAvEiCmETItALi","Brandon Ashley"
"149","aNwkGQ9Q5fJ2hKPUodUS","Ronnie Uribe"
"150","vowMPa5ht5rHeBI54PYr","Jay Lopez"
"151","3Qp8pjq642OZKQsma79M","Adrian Perez"
"152","Nwj1IG0ayAX5P5Gn0uLN","Jameson Rios"
"153","Wo3lRPAR2tq7acUepXAi","Aarav Chugh"
"154","9OXnSDJxEaaFyIKsKYfU","Minh Vu"
"155","N0ZpOYSCg9u7nFDykAUI","Dom Franco"
"156","UWxSOOjBDCKYILDKP6YB","Zach Gonzales"
"157","cBbzJtvVyrZUFnAWys7i","Joaquin A. Casillas"
"158","qybbUROOYpR5HPonhu2g","Santino Roldan"
"159","U3BIZozaQGH5WoDAhkyl","Ethan Walker"
"160","EY4tXrTOlPar6MFyqhda","Mario Arango"
"161","ZpQNWDPbRlE7RL2H9Ehv","Drew Diffenderfer"
"162","oOT5pJnwzEgIuUdWVvTH","Kellan Montgomery"
"163","jwad9plOgOaoBt7rpG5i","Ethan Marmie"
"164","lmlNA49VsElBrN55qJ1s","Brady Mugan"
"165","EiEb2Kr50xYm9jOn8jpy","Tyler Chang"
"166","mhaL0UHLo2kUYdYJwuLs","Elliot Hsu"
"167","K7THsxmsEzLx0ZnnOcOb","Evan Mendoza"
"168","KB1WYhZcI84tF84TYKHQ","Garret Plata"
"169","sXVm1WNlqoPDnyv9qWLf","Logan Thompson"
"170","i2OVdRP3yCp1QtiQLDd2","Jay Ve'e"
"171","CTPjPMsVrjQpdJrjhghr","Maxx Mathai"
"172","ybOz4lswOoWcLgTfU3mz","Trevor Kester-Johnson"
"173","KYr7XkmRVPK0buk0ptMP","Gregorio Jimenez"
"174","QGj1FkmEEHiLBmqWnBQf","Zach Barnao"
"175","nGMZKXAGWPoVdeIh50WG","Adam Kamin"
"176","lc6BEgO57xqhOlTnnysK","Chance Moon"
"177","yD5FwcCczZvVH4gsGdpy","Connor Moon"
"178","BxVLACHEmHel2dzEqaDt","Josh Bootz"
"179","2SjgKsDN83VDTq0dWDGx","Ethan Flynn"
"180","QgeMwKbarYsMEbJx7PEB","Arthur Soto"
"181","rIj1KJsVqQUFAx0HRLKk","Ian McMahon"
"182","zF9b4PH1grojTdAMSXtP","Riley Meadows"
"183","AUXOXVAgsd6oQjc4bXJD","Donnie Lema"
"184","Ti5zRVUVxEweQV8NgLbv","Nicholas Katz"
"185","XwbK9oNiLvySKMaYqj0N","Colby Kennedy"
"186","5jRdvmBxvDCPgE7KxUaW","Jackson Kott"
"187","PhbGnxwWATlBC02tvlzX","Brayden Abdon"
"188","4BEgATAzPTPd8cyz0SDq","lucas wedding"
"189","HtVn339pO2gDuYMQdHPP","Will Wittmann"
"190","7LgJnlX9OjxajLsUBdlm","Jameson McWilliams"
"191","covmIk6fdy4NVBctjkOs","Landon Houle"
"192","dLDGsN8pzciK5WIhS1WY","Easton Hardy"
"193","f5J9BXmol8glftPeoDXe","Tyler Hanebrink"
"194","BiGRk4F4d4KCF3h8HiOo","Luca Williams"
"195","F0XIbJX5kuRmJmisvjFv","Gianni Camacho"
"196","uYHqEibtrsxt0dhZFnDk","Josh Van Loon"
"197","wucWoCOycq9OtqdgE7OG","Nick Costello"
"198","hmNNqqMflTSLxgtQ4x7o","TJ Costello"
"199","FJaxiJbbziGIq0G2ozjs","Hugo Jeronimo"
"200","2gJAO96tyef8JP23Tldr","Logan Ibarra"
"201","7OUyjhqW80dvTWuydh9n","Aden Velasquez"
"202","8XBC4LhadeqFg0AROeYA","Sachin Gurunathan"
"203","fdcBqcfdO7KrGOWFtnm0","Landon Stump"
"204","nXYvwhEWuq1UD7TZrqtv","Brody Larocque"
"205","GEvpr1mwscT3YuSDX930","Will Trimborn"
"206","bo8FbRJVTsxLQffnVmWa","Aidan Keenan"
"207","QIsVuTYZFFM0JcPjAgYz","Kaden Taque"
"208","2mQQ7OcNrAnyu7HqAgzp","Jack Surdey"
"209","hJBY9FJtFOn9avJgDIqb","Adi Wiener"
"210","Uh5Dr477BsINbxPdmgeb","Jordan Mikesell"
"211","FAw2wyi8Xayl2BwUVPTt","George Willey"
"212","m9FqoOpXV8gpnub5HBhW","Marco DiGirolamo"
"213","Xo48Etuv78Kh94aUmVFQ","Brody Gates"
"214","3LMb2cOu1TU69VO4lIOu","Talon Harley"
"215","ZIYkFFP0wkYxztut0muY","Cole Tremain"
"216","FzyyH6JfVPmu2eubPzKa","Ethan Bergan"
"217","ts5GhLbhdGyGe23Rfpif","Jack Leeper"
"218","E3iHUbbQGZsLohL8w2ln","Tommy Leeper"
"219","mxD9Jrx1zoBGVWKBKyq9","Kelley Crawford"
"220","VJV2ibLRBUHqb6Evjpja","Daniel Madrigal"
"221","X2dcuaFtdeqfiAO6dDMt","Vidal Perez"
"222","uaDGBULCwZl55h633QFL","Noah Lemau"
"223","8Bqi6H7C2o3KLgLhACp5","Henry Dommer"
"224","Ca7TK03sl7KBe6NDI5lO","Antonio Madrigal"
"225","jGBZMVbCZTSaGzxDokJk","Colton Brown"
"226","aHS7MFkHVilGyDwzdDiG","Aiden Waters"
"227","U2SiesG88Rm8uD3lNjBU","Alakai Kiakona"
"228","uionV3s6VL6QoR9R55Rc","Kaena Kiakona"
"229","V5qsSz2ZXaURwezbvGqm","DJ Dunne"
"230","1546l5HOImOZwt20FAID","Jack Benson"
"231","OY8yI76fyEGptoQimBti","Anthony Casarez"
"232","DHoI6h8e2uQush9Czo58","Luke Juran"
"233","ICJ0DEVDyaBymhb9SBfR","Coco Vonderhaar"
"234","FU2NzfZUZywTWI75Exnt","Ryan Welch"
"235","4K4wHMS3XvLu5jLhWTrX","Ronan Benamou"
"236","dAKjtFDdjzlGVAgcmCul","jake mrowka"
"237","fVEGEmbbv73lricAVdge","Landon King"
"238","l2xd8PVJ06rbVV3a3ipR","Siale Tulua"
"239","zM6PjM5mvXPuBI6wuAyw","Sione Tulua"
"240","Z9S0G2izz0gzCRSb6fes","Aidan Lee"
"241","QqBe38IrNwulH18BPELV","John Damozonio"
"242","z18meiU1a3fIxY0Ms94N","Kanghee Cho"
"243","roMr5si966ZusG5XamRW","Ben Joost"
"244","Ow3SWJLTkV8Uv51oCjF3","Lukas Hoang"
"245","iVK5jvQ7kZ3H8Tykwe3X","Axel Prillinger"
"246","B7sJQTsFZBgTDYp8TGC3","Maxamino Borba"
"247","1x6xnG3VX7dvEM9JGzKQ","Jace Asuncion"
"248","THhTxaDfCg9pkopiSIGS","Noah Holocher"
"249","AGI3jjvBcrtwSbHBsC5I","Josh Stravitz"
"250","ZcE0tAhTo7tkwEGl3XUK","Damien Lopez"
"251","kr75Cc4tklXpijPcp9zq","Joey Revels"
"252","9cFhceWPmdapNkRoilwX","Jack Graham"
"253","dz5faMabeCus9JjY3dQW","Conner Robertson"
"254","5QjqIRSEZgxL1HGqNNIz","Tucker Goularte"
"255","9L7sdPxiUb3azh986nhV","Rome Gray"
"256","GDEq6CPOROoltniB6r07","Logan Burton"
"257","1PUbUOSk7ZYaCHG45Rpl","Ryan Delaney"
"258","YTqUTPApsyrjyId6eU5K","Jack Emery"
"259","TPe1sfT5A6qG07FxL5MQ","Iris McKay"
"260","2QclYxwGUXtJxRRjQDlf","Isaiah McKay"
"261","WPqLDBW8tUDvw4myZyEL","Louis Giles"
"262","jO7XNHHUykOazcNafnaB","Bo Smith"
"263","OyTSRUv1PWDxaO80AOb5","Michael Wu"
"264","yQFo7vJpVvb86RBgci5e","Stevan Tran"
"265","aBLXLDD5MakiAjvnBdFG","Evin Hollandsworth"
"266","vvS41SrydZvoxvi4abOe","Chris Vallejo"
"267","hPLLrqjCxsRvLAelJFuS","Kai Baldwin"
"268","eDYDC170T9rcYvaJinA4","George Fantl"
"269","pCyNUykRhUZ5dsa2riKW","Rocci Cetani"
"270","R2dcdX2bFnVF8qcTYV1O","Matthew Garcia"
"271","9BQLraaMvMCFHLWseZYD","Jack Stoffel"
"272","h35eAiiqhwtn5j0tHg0I","Niko Blanco"
"273","9IT2dWfglX0rG2j3kx3Y","Cooper Neff"
"274","o12AMdQt7xArROwpvTfX","Andres Zavala"
"275","sKAw3wA2DnKaz1yNU1Wd","Peter Van Loon"
"276","7sTNm5Cu6kWLUH5XRf4o","Liam Chang"
"277","FuVXSDNrbbqqq1Z3ropu","Justin Stramel"
"278","6diO1MfCGlPplZopnfuQ","Reece Kaplansky"
"279","Dyqnvu2Neg9BN3nba22v","josh Hansonn"
"280","Wnh5vQLvFmW50rAPOJ5C","Garrett Mackowiack"
"281","Sq3gJWspl4vCuMUWe6NG","Tanner Grove"
"282","qhARHPmMQAnAbLFHadFx","Ethan Foley"
"283","H2Lz5fqO6vJS3AjQhu3E","Cole Clark"
"284","HgBXPXZ94J6Wq6aHJMPz","Rex Edwards"
"285","rTStUeTT2n7Fhzwt4ToW","Spencer Dessart"
"286","jNSScF1jyC8Y88LFNEnt","Ryan Spalliero"
"287","li2teiuwYfL4EAJ5feR4","JJ Hollis"
"288","Va80ZDAnGvDlaHvsQXnu","Gavin Eddy"
"289","vcx0NhHkZIffjK7y0sJl","Duncan Russell"
"290","CC4SBlm8zK2h76otw8nI","Otto Espinoza"
"291","AUYKKjpBmzY276vF2LSM","Jett Wright"
"292","YmVC2eq5LUEHqqCCpZ5s","Take Sato Kreis"
"293","sq7VLGM1obqxinnDqFvH","Aiden Pinn"
"294","RUEBCETdp5wMVaEDJiNz","Cade Colombara"
"295","eW474cbBJlob1HwiMvbW","Chase McDermott"
"296","DHfDrMtIudHLi3suhxLk","Hunter Tamayo"
"297","7LXg4QUye6SK8VW2D8tg","Thomas Stockford"
"298","HYD1kMPaceLy5wD24Fz3","Julian Cazares"
"299","2LcSJeYpJh2DaWoqBV1t","Damien Nolan"
"300","SUjfCL8l1gAWNplrThiH","Gavin Briant"
"301","NLPEh3PK6YZbcES4sEuk","Adrian Torres"
"302","ZhE8o8YDgRpJaCZD5umL","Will Habina"
"303","i8enQOPGJeULJD9gUlHp","Max Harris"
"304","6LVvQTFwO6K42H8gKCmJ","Joseph King"
"305","YiOhC9FpYZgoztS7Ehh9","Alberto Garcia"
"306","uRSzEnjnfFhR9Q7ow9az","Josiah Morris"
"307","iWEJBwpMCsFo0ToXgPX1","Michael Nam"
"308","6L3g7AV21JzJttrcGA9n","Justin Sanders"
"309","Uj7yu0KKZGaRz1NiagkZ","Caleb Del Moral"
"310","9m1eU5n4bHRBVqiIu09g","Noel Escobar"
"311","dDgMJww8OFNj92rqPAQF","Oliver Markley"
"312","2l9Xxn2NsnY0Figp8RyP","Landon Schutte"
"313","p8hl9smWFax15iMpImZq","Sully Fischbein"
"314","ABtNzeD4r4YXcc4wrvFi","Matthew Maxon"
"315","CbNSmpA1K3atACaRmuBz","Amador Banuelos"
"316","Y4PAI8WzHbIdqq075owy","Ryan LeMarie"
"317","hvFOEQCftNCL6U5VovmZ","Graham Schlicht"
"318","YXxekNHjopjK5xaTBQnG","Connor Cox"
"319","uE5Q4SP0TnaE4KBRR8ak","Nico Lopez"
"320","7s2bF6Xto2O0zDLvpatz","Mason Ditiangkin"
"321","XfUiNRnO2vCBbFoh6RN5","Max Marquardt"
"322","5p87GXFA4IDbtGnOeNGE","Clint Ales"
"323","nBkW5C6sgOSLHKmVLNgh","Cooper Barnes"
"324","uWO1c6yu3u32qvSQUWa4","Kingston Weinberg"
"325","5SmgNGUKjKjjKUiNeHnY","Nolan Chang"
"326","k5OOIJKHGoP8EZQb4GQ6","nicky fantl"
"327","Oz8eA1GNeCKTttChXV2N","Jason O'Rourke"
"328","HRuRINW54roCK7ytyY21","blake schwartz"
"329","ATGLJdIr6V3iCNYiZUjz","Colton Rudd"
"330","dPfDkIyzXXelS0zpNuzJ","Eli Lovejoy"
"331","03O0SXIVa0cdrylOjd4J","Luka Pintar"
"332","UD0TkvhhxCFmrXelwkiX","Rohan Agarwal"
"333","6rAUqQmqmtD8sSG2OEU6","Dylan Chan"
"334","AvRWqP42afO2pluqGcmG","Brodey Roman"
"335","H8UuzgKrxlThNOpc5cvo","Alex Campa"
"336","3UYYaLQZ5N7auGXJjMXL","Zeke Cervantes"
"337","wJS37eKvhEvn2aMUeh9A","Zach Vasell"
"338","eXIqclLObo8662yON2uU","Ryan Leong"
"339","Fn7lCUHkqT28wdPhxAsu","Enrique Rivas"
"340","t5FcfoDhFZxtxWamHEOb","Eesa Tover"
"341","Y6WYRYDNlxtAghfemVpm","Noah Baquiran"
"342","56pb1qAUBI6GSPDgccm3","Evan Wallinger"
"343","zZgvJE3lYA5spZ71pXp4","Kenny Sanchez"
"344","nMrZcwM1ga20OFt9azIP","Mason Henley"
"345","TUI87x8jX5nCU5Zucuui","Hayden Griep"
"346","90qlKhNGv2FtboceMI7C","Matthew Alioto"
"347","ZCog9Qy2fTx0NMcSJ04U","Carter Paraz"
"348","vbEEhguCJwJSJO4UwTVt","Colin Paraz"
"349","gEC0F7eQYNuFu2UZ69aa","Easton Gonzales"
"350","yHbMre1BDd2x3OJWxGc2","Brody Skow"
"351","wdOsjTuW51VbSU7G8r1Z","Isaiah Alvarez"
"352","KT6Y4HbaN2YRNrkWIR5h","Mason Mead"
"353","TxdSwTK07rY23uhOFNTA","Dominic Passama"
"354","m46S8rMrq3o12vNLJDmR","Anthony Cota"
"355","cRRDMgrScOvuYsNKIKeW","Breyon Pelaiz"
"356","B0BZnLXR8551r0WcnKMq","Xavier Wilson"
"357","TAICUqAHpz9FHmdjHeZM","Teddy McNamra"
"358","06dPSNw2TYXVj3wW0vj1","Hudson Pergamit"
"359","VNcKy7o228DSRzM4FtOM","Jason Orourke"
"360","UiKFQnwjswVd1hgak6TZ","Adam Bedell"
"361","NdzZ8PYXQVPcAEP9fvRv","Adam Alciati"
"362","Cw711WiTcHFXJMOvUamF","Wesley Harwell"
"363","TG0GhFkfuOcCrZ2Rhj4I","warren lieu"
"364","LzEwb77jJWvD0gfmEVj5","Matthew Pena"
"365","nMujVvFxsVBItpqfVpWe","Cooper Nash"
"366","5gf9s8HDBLzGLUO5sMqS","Gavin Guess"
"367","5WThMNTloewuxduCc3PV","Terrell Worthy"
"368","c98yrjz3yKEdbzo55aoN","Kyle Takahashi"
"369","uxiPojjFGu1DeJ9H9GWi","Daniel Macmillan"
"370","gWbwxxy6sPMSb5OcLUyk","Skyler Mue"
"371","OGkmw6AXt2vubHoKvFWr","Colin Walton"
"372","yrp0KvbCVPEPdCe8IHLh","Evan Tavarez"
"373","65sA02QrSvVL3P7aLbM3","Jason Alexander"
"374","5JHq6gbWJ65DBQWTssTd","Ely Mason"
"375","AI6I8SXhEdwtnFIS1l1T","Nathan Clarke"
"376","xMYJ05CWj2ZEwM6FlDKB","Diego Castellanos"
"377","B1SOXb0CMZuxhNVtXQkh","Henry Harding"
"378","CUh1uFgsJEWvQLeevr59","Tiger Sanchez"
"379","kiivSobv6nWVx18k3fUo","Miles Cornell"
"380","Mf9KewajeVimBZcPRByv","Riley Salvemini"
"381","8Ff75HTkO59wFrOXpl28","Keoni Kaanehe"
"382","R6wy8ho6oGYWLOYWISDX","MJ Sanchez"
"383","7ojt9GZYmzj94nWRY5cu","Sean Ishii"
"384","sBB4BtVtYl58pc9rs1Sv","Ethan Kaemmerling"
"385","TSFTbvmcC77x5Nw74L2A","Kayden Williams"
"386","MkuqY2lMXxSK08ZdJx0I","Marc Torres"
"387","TfQAVoUMr7Y9obBoSKUr","Erik Wagle"
"388","mli9bwIzj1G1t2qKl20a","Connor Donahue"
"389","R4eeudzM9LMeTMOtmIpB","Mason Bautista"
"390","fDpupmQWqULL2LHptLbN","Nate Slikker"
"391","bB9dRfIRzGFE5ZiwsMsM","Wyatt Baldwin"
"392","hopHFCWywvDYyFXsJRcw","Hugo Slavinsky"
"393","rfA4miKFv5gjndvfihyR","Paulie Ganadan"
"394","S1ILdSCK6aNb0oz26fEL","Paxton Liu"
"395","1C05Kdyee9cH2wZotS9X","Lucca Bacigalupi"
"396","f3y9wlO8fKZ1lyqRlGHG","Adam Saouaf"
"397","si8eAqekyJm7NYf8HM2f","Gio Oliveros"
"398","2kxLvIahwVJoKS3tAjQI","Mason Brown"
"399","kD5tp5lLkfqCNU5E5jAC","Declan Fagan"
"400","Ues5KSGQrVsx2kQ2sMYT","Parker Bunnell"
"401","PHgc6WBFw7lJRWDFWA6h","Gunner"
"402","ZQvVV6MyMSJaA9EEw4jE","Dominic Fanara"
"403","K4FzwHaJIBP8nKKrhWsS","Jake Parrinello"
"404","5jRpCueYmloGjXIx6MW6","Philip Ruiz"
"405","X4oSKN5mojwRZc1SmGSt","Aiden Keates"
"406","EBKX0CKLYQ8HZuI3sArc","Mason Gordineer"
"407","mOCyIEGrkwYSvlTs5zaA","Isaac Paz"
"408","ezAkIR1mikooXzoTtUaJ","Blake boyer"
"409","FYOVPxOpEtXfpkTFHJQv","Jackson Ellis"
"410","bDbZlP3vP2UoTXjkBqtG","Kaleb Langone"
"411","8Z4idlHjmdiyhbzqFsaV","Nolan Filice"
"412","XJqL694aU8up7876Eiz3","Jaxson Filice"
"413","HbQG0LCPkvPPYXAS4LAr","Nico Sanchez"
"414","p4enyerA8YCIQSovOivA","Connor Frame"
"415","h07KzSxFHrAw9IJl3THq","Damon Hagopian"
"416","BVerwW45uGeRK8TRDTNG","Eli Roberts"
"417","zDtDTJatMz1rCyD8w9zU","Chase Haugen"
"418","t7OQdq8Y1wUxePPoUzBf","Ben Carmody"
"419","8M31KzpVBTh5Zm3V1buj","Luke Irvine"
"420","5IDpyabLHIWscPvx8Kp6","Gunner Parker"
"421","T6eZrb4ccyN7knn5gEgy","Carson Gates"
"422","6SFLfLnfTCdP9Gzkw6Xo","Declan Kotsubo"
"423","MDwHOCqkxO2nTUz7RLYN","Grayson Vallez"
"424","GIbNplksQ5viwzPnNMaU","Hudson Henely"
"425","pHzoyDpcIJXXFveM6ZHS","Nicholas Casteel "
"426","Ap0xIoB3hGKyXSMXw5oc","AJ Sotelo"
"427","GZxkFo8b58arbZbNKBL0","Lucas Hernandez"
"428","PNfI39gV4GtR3PPKs0Wv","Dylan Fluharty"
"429","ovu7nFC8P9c3pDwQjpri","Ethan Chan"
"430","BxFx1xybDmfVmAZSWwyS","Jacob Ramirez"
"431","YMFmHHDEYHPVhKFnRz2m","Jayden Lee"
"432","H51asaRdxYbKwdVU3jhq","Brock Fannin"
"433","1WHunIX5nDcdlNZhYeKB","Ethan Brown"
"434","FbRA92Cue59FUWTN1jj9","Jax Gomes"
"435","Bt49T1GKECJSkt6UvErr","Brixton Connors"
"436","d8CITzq1yPtrJJ1Eby75","Ben Candelaria"
"437","5BgYtm4WkQMUYYFdpgAC","Nate Arriaga"
"438","UfK9J4wQd8eUPJFvXEso","Mateo Ponce"
"439","aTjjl85SlH6LXGiYrSSg","Cobe Benjamin"
"440","oE4r1LDYh9SM2wsJQ9a6","Morgan Winfield"
"441","5sUgHQ3wuOPoCs5qimES","Hudson Gall"
"442","XTjzdjtyw6jndBa1Rxfq","Dexter Gall"
"443","Y84xv0l2orCe4KYlJjMp","Michael Lackey"
"444","7p6oZFBOJwhiDNkH3zoK","Pono Rosenberg"
"445","Tf4hd9a7lu3N57Wl5NWS","Landon Ashe"
"446","HLma3o2NCpRJdXO9EUSA","Stephen Neal"
"447","rrNJityru9kHmlqTBjWo","Garren Atwood"
"448","cHFEags1ThbSTB79H9tJ","Chase Shackelford"
"449","Pmyv06BRdWhriofycYSP","Colin Cacciaroni"
